id,q_id,method,retrieve_text,score,source
1,1,固定大小,台灣的太空之眼：「福衛八號」進擊之路 回到地面，我們看到的這些衛星影像，來自國家太空中心一座不眠不休的機房，他們把衛星回傳的一包包數據，解碼、校正、重組成可以被讀懂的地表語言，比如崩塌的山坡、被海水淹沒的村落、油汙蔓延的海岸線。 如今，這套技術不僅讓台灣能夠監測自己的土地，也能讓我們在世界各地發生災害的第一時間，即時提供關鍵資訊，衛星影像正在成為台灣參與國際的新語言。 從太空到地表的連線：衛星傳輸後的影像處理中心解碼、校正 走進國家太空中心的影像處理中心，隔著玻璃窗，我們看見機房裡頭擺放著20多櫃資料處理系統，其中包含3部超級電腦，這些電腦的用途是針對衛星進行任務排程、資料管理、接收，以及成像處理與品質驗證。接下來當「齊柏林衛星」完成拍攝、將資料傳回地面接收站後，影像處理中心人員就會將這些訊號數據解碼、校正與重組，拼貼成一幀幀能夠講述地表故事的照片。 校正流程分為「輻射校正」與「幾何校正」，前者是為了修正大氣或儀器本身帶來的系統性偏差，讓每個像素都能夠反映真實的光強度；後者則是搭配地理影像控制與數值地形模型，校準每一張影像的地理坐標，使其能與地圖、地形精準重疊。當山脈的輪廓開始對齊、河,0.68457,data_02.txt
2,1,滑動視窗,台灣的太空之眼：「福衛八號」進擊之路 回到地面，我們看到的這些衛星影像，來自國家太空中心一座不眠不休的機房，他們把衛星回傳的一包包數據，解碼、校正、重組成可以被讀懂的地表語言，比如崩塌的山坡、被海水淹沒的村落、油汙蔓延的海岸線。 如今，這套技術不僅讓台灣能夠監測自己的土地，也能讓我們在世界各地發生災害的第一時間，即時提供關鍵資訊，衛星影像正在成為台灣參與國際的新語言。 從太空到地表的連線：衛星傳輸後的影像處理中心解碼、校正 走進國家太空中心的影像處理中心，隔著玻璃窗，我們看見機房裡頭擺放著20多櫃資料處理系統，其中包含3部超級電腦，這些電腦的用途是針對衛星進行任務排程、資料管理、接收，以及成像處理與品質驗證。接下來當「齊柏林衛星」完成拍攝、將資料傳回地面接收站後，影像處理中心人員就會將這些訊號數據解碼、校正與重組，拼貼成一幀幀能夠講述地表故事的照片。 校正流程分為「輻射校正」與「幾何校正」，前者是為了修正大氣或儀器本身帶來的系統性偏差，讓每個像素都能夠反映真實的光強度；後者則是搭配地理影像控制與數值地形模型，校準每一張影像的地理坐標，使其能與地圖、地形精準重疊。當山脈的輪廓開始對齊、河,0.68457,data_02.txt
3,1,語意切塊,台灣的太空之眼：「福衛八號」進擊之路 回到地面，我們看到的這些衛星影像，來自國家太空中心一座不眠不休的機房，他們把衛星回傳的一包包數據，解碼、校正、重組成可以被讀懂的地表語言，比如崩塌的山坡、被海水淹沒的村落、油汙蔓延的海岸線。！？； 如今，這套技術不僅讓台灣能夠監測自己的土地，也能讓我們在世界各地發生災害的第一時間，即時提供關鍵資訊，衛星影像正在成為台灣參與國際的新語言。！？； 從太空到地表的連線：衛星傳輸後的影像處理中心解碼、校正 走進國家太空中心的影像處理中心，隔著玻璃窗，我們看見機房裡頭擺放著20多櫃資料處理系統，其中包含3部超級電腦，這些電腦的用途是針對衛星進行任務排程、資料管理、接收，以及成像處理與品質驗證。！？；接下來當「齊柏林衛星」完成拍攝、將資料傳回地面接收站後，影像處理中心人員就會將這些訊號數據解碼、校正與重組，拼貼成一幀幀能夠講述地表故事的照片。！？； 校正流程分為「輻射校正」與「幾何校正」，前者是為了修正大氣或儀器本身帶來的系統性偏差，讓每個像素都能夠反映真實的光強度；,0.675293,data_02.txt
4,2,固定大小,消失的住院醫師 健保兆元時代，擋得住「直美」風潮與急重難科持續失血嗎？ 醫院急重症人力崩塌持續擴大，20年前的內外婦兒「四大皆空」、10年前變成內外婦兒急「五大皆空」，到了今年（2025），甚至因為神經內科24小時取栓的過勞、也引發出走潮，再累加至內外婦兒急神經「六大皆空」。 《報導者》2024年年底推出《誰掏空了醫院人力》專題，以數據資料解析30年最大一波的護理人力出走潮，離開的護理師去哪裡？哪些醫院最留不住人？同時揭露，自費診所3年開了300家，成為急重症科人力巨大的磁石。 數月後我們持續追蹤，醫院人力失血沒有止住，今年度各大醫院多個困難科住院醫師招收持續創新低，我們取得專科醫學會的資料、走訪醫學中心現場，由專家依臨床照顧人力需求指引，完整呈現醫療人力走勢：哪些是人力極度缺乏的紅區、哪裡是拉警報的黃區、哪裡又是搶破頭的綠區？此外，更深度下探不同專科內嚴重的「科內不均」現象，大專科人力總額不足辨識真正乏人問津、卻不能沒有的次專科分布，衛福部和醫策會長年未完成真正的醫療人力盤點與調查，《報導者》整合多個資料，讓台灣次專科分布圖輪廓首度被看見。 然而，不以專科發展為目標的年輕住院醫師，不,0.608887,data_03.txt
5,2,滑動視窗,會。 2026年，台灣的全民健保進入「兆元時代」，儘管要追趕超高齡人口的速度、高科技和新藥價格的飆漲，仍然吃力，但這個規模已近台灣中央總預算的三分之一，台灣健保投資已追上國民所得相近的國家。我們專訪新任衛福部長石崇良，他開出的首波改革與重整之道，正是對準醫療人力盤點與直美設限，企圖把全民負擔的健保集中火力投在最需要的醫療缺口上，新官上任後的政策支票是否合理，各界可以擴大討論，並且從現在開始，監督可行政策兌現的速度。,0.684082,data_03.txt
6,2,語意切塊,圖讓大眾重新看見：醫療的價值與真諦。！？；而守護這個價值的任務，不只是醫師本身、更是全體社會。！？； 2026年，台灣的全民健保進入「兆元時代」，儘管要追趕超高齡人口的速度、高科技和新藥價格的飆漲，仍然吃力，但這個規模已近台灣中央總預算的三分之一，台灣健保投資已追上國民所得相近的國家。！？；我們專訪新任衛福部長石崇良，他開出的首波改革與重整之道，正是對準醫療人力盤點與直美設限，企圖把全民負擔的健保集中火力投在最需要的醫療缺口上，新官上任後的政策支票是否合理，各界可以擴大討論，並且從現在開始，監督可行政策兌現的速度。！？；,0.698242,data_03.txt
7,3,固定大小,勢、乃至2026年的全球局勢可能帶來的影響：伊朗人民為何冒著生命危險憤怒上街？面對宿敵的政治動盪，美國、以色列與中東其他國家各有什麼盤算與反應？而在起義與鎮壓對撞的血腥衝突中，伊朗又是否真已跨在政權更迭、甚至是王朝復辟的門檻上？ Q1：伊朗發生了什麼事，為什麼人民寧可冒著生命危險也要上街抗議？ A：在示威浪潮席捲全國之前，伊朗正面臨著數十年來最嚴重的經濟危機，除了官方貨幣里亞爾（Rial）急遽貶值至歷史最低點，伊朗2025年國內通膨率更超過40%，糧食與日用品等民生物價在短短半年內上漲逾60%，其中牛奶、雞蛋與麵包等基本食物的價格，更是飆漲了1倍以上。極為沉重的蕭條壓力，這才逼使走投無路的伊朗人民湧上街頭。 一開始，示威行動只是零星出現，但隨著通膨問題的快速惡化，以都市商人為主的市場商販公會，也從2025年12月開始加入罷工罷市的抗爭行列──此舉，大幅升級並凝聚了伊朗國內對於政府施政不力的憤怒情緒，示威行動亦從首都德黑蘭，迅速蔓延至全國各級城市。 事實上，撼動伊朗政局的這波經濟危機，背後主要有三大原因： 國際社會重新收緊的經濟制裁與石油禁運； 2025年6月以色列與美國對伊朗發動的跨境,0.621094,data_01.txt
8,3,滑動視窗,因政治局勢而通膨失控的民生物價。同時，水庫缺水導致的發電停擺，也讓伊朗各大城市不僅面臨限水，還得面對比往年更加嚴重的限電窘境。 在天災、人禍與戰爭風險同步包夾的多重壓力下，伊朗社會的痛苦指數終於在2025年底攀升至臨界點。儘管伊朗政府為了舒緩民怨，試圖釋放改革訊號，並局部放寬過去因宗教理由而設下的娛樂禁令與部分社會限制，但在國內經濟瀕臨崩潰的現實下，既憤怒又絕望的伊朗民眾即便明知政府必會回應以暴力鎮壓，仍選擇走上街頭，群起掀起一波足以動搖威權統治的抗爭巨浪。 Q2：伊朗政權過去如何回應大規模示威？這一波衝突為何格外嚴重？ A：儘管伊朗是全球公民自由度最低的國家之一，但過去30年來，伊朗國內每2、3年就會出現一次大規模的全國性政治抗爭。其中，又以2009年因質疑總統大選舞弊而爆發的「綠色抗爭」（Green Movement），以及2022年為替遭宗教警察逮捕、並在拘留期間死亡的伊朗女性瑪莎・艾米尼（Mahsa Amini）討回公道的「艾米尼抗爭」（亦被稱為「女性、生命、自由抗爭」），最受到國際社會的高度關注與聲援。伊朗國內絕大多數的官民衝突，多與本次示威起因相似，源自對生活成本飆漲、失業,0.593262,data_01.txt
9,3,語意切塊,命」、「推翻伊斯蘭共和國」，甚至是「復辟巴勒維王朝（Pahlavi dynasty）」的口號。！？； 《報導者》整理了5個問答，試圖說明這場伊朗抗爭，對中東局勢、乃至2026年的全球局勢可能帶來的影響：伊朗人民為何冒著生命危險憤怒上街？；面對宿敵的政治動盪，美國、以色列與中東其他國家各有什麼盤算與反應？；而在起義與鎮壓對撞的血腥衝突中，伊朗又是否真已跨在政權更迭、甚至是王朝復辟的門檻上？； Q1：伊朗發生了什麼事，為什麼人民寧可冒著生命危險也要上街抗議？； A：在示威浪潮席捲全國之前，伊朗正面臨著數十年來最嚴重的經濟危機，除了官方貨幣里亞爾（Rial）急遽貶值至歷史最低點，伊朗2025年國內通膨率更超過40%，糧食與日用品等民生物價在短短半年內上漲逾60%，其中牛奶、雞蛋與麵包等基本食物的價格，更是飆漲了1倍以上。！？；極為沉重的蕭條壓力，這才逼使走投無路的伊朗人民湧上街頭。！？；,0.653809,data_01.txt
10,4,固定大小,生經濟崩潰、政府暴力鎮壓異議示威，國王委以大權卻極為貪婪與殘酷的祕密警察單位「薩瓦克」（Savak），更曾是伊朗人民恨之入骨的暴政象徵。 但巴勒維王朝的覆滅，已經是47年前的往事。對於國民年齡中位數只有34歲、6成人口都在40歲以下的現代伊朗而言，舊王朝的威權暴政已是上一代的陌生歷史，但對伊朗伊斯蘭共和國的失望與憤怒卻還是現實裡的日常進行式。因此，當伊朗街頭響起「讓巴勒維王朝回來統治我們」、「國王萬歲！」之際，這些口號反映的其實不是對君主統治的懷念與擁戴，而更像是一種情緒性的宣洩──一種對1979年革命與伊朗伊斯蘭共和國的全面否定與挑釁。 Q4：川普向伊朗示威者喊話「救兵快來了」，是否可能逆轉抗爭局勢？ A：在伊朗政府全面切斷網路並開始武力鎮壓的同時，國際社會也非常關注美國總統川普的下一步行動。這一方面是因為川普政府一直視伊朗政府為全球最大的反美恐怖主義支持者，在2025年6月美軍轟炸伊朗核設施的行動之後，華府要求德黑蘭放棄發展核武的核談判也一直沒進展，這都讓川普非常不耐煩。另一方面，則是1月3日美軍突襲委內瑞拉、以「毒品恐怖主義通緝犯」之由逮捕委內瑞拉總統馬杜洛（Nicolás Ma,0.690918,data_01.txt
11,4,滑動視窗,長子誕生，曾下令在伊朗各大城市上空空投玫瑰花瓣。在巴勒維王朝末年，伊朗國內同樣苦於貧富差距極端化、民生經濟崩潰、政府暴力鎮壓異議示威，國王委以大權卻極為貪婪與殘酷的祕密警察單位「薩瓦克」（Savak），更曾是伊朗人民恨之入骨的暴政象徵。 但巴勒維王朝的覆滅，已經是47年前的往事。對於國民年齡中位數只有34歲、6成人口都在40歲以下的現代伊朗而言，舊王朝的威權暴政已是上一代的陌生歷史，但對伊朗伊斯蘭共和國的失望與憤怒卻還是現實裡的日常進行式。因此，當伊朗街頭響起「讓巴勒維王朝回來統治我們」、「國王萬歲！」之際，這些口號反映的其實不是對君主統治的懷念與擁戴，而更像是一種情緒性的宣洩──一種對1979年革命與伊朗伊斯蘭共和國的全面否定與挑釁。 Q4：川普向伊朗示威者喊話「救兵快來了」，是否可能逆轉抗爭局勢？ A：在伊朗政府全面切斷網路並開始武力鎮壓的同時，國際社會也非常關注美國總統川普的下一步行動。這一方面是因為川普政府一直視伊朗政府為全球最大的反美恐怖主義支持者，在2025年6月美軍轟炸伊朗核設施的行動之後，華府要求德黑蘭放棄發展核武的核談判也一直沒進展，這都讓川普非常不耐煩。另一方面，則,0.723145,data_01.txt
12,4,語意切塊,怒卻還是現實裡的日常進行式。！？；因此，當伊朗街頭響起「讓巴勒維王朝回來統治我們」、「國王萬歲！？；」之際，這些口號反映的其實不是對君主統治的懷念與擁戴，而更像是一種情緒性的宣洩──一種對1979年革命與伊朗伊斯蘭共和國的全面否定與挑釁。！？； Q4：川普向伊朗示威者喊話「救兵快來了」，是否可能逆轉抗爭局勢？； A：在伊朗政府全面切斷網路並開始武力鎮壓的同時，國際社會也非常關注美國總統川普的下一步行動。！？；這一方面是因為川普政府一直視伊朗政府為全球最大的反美恐怖主義支持者，在2025年6月美軍轟炸伊朗核設施的行動之後，華府要求德黑蘭放棄發展核武的核談判也一直沒進展，這都讓川普非常不耐煩。！？；另一方面，則是1月3日美軍突襲委內瑞拉、以「毒品恐怖主義通緝犯」之由逮捕委內瑞拉總統馬杜洛（Nicolás Maduro）的行動仍餘波蕩漾，因此這波內部動亂，也被華府戰略鷹派認為是美國乘勝追擊、一舉推翻另一宿敵政權的「機會之窗」。！？；,0.762207,data_01.txt
13,5,固定大小,"析軍事動作與戰術 最被大眾熟知與常被使用的遙測影像是Google Earth，彙整多家遙測影像的虛擬地球，便於使用者操作，遙測影像藉由資訊科技的進步，變成人人可及的資訊。現年26歲、就讀台灣師範大學東亞學系碩士班的溫約瑟，22歲時靠著善用這些公開資訊製作出「解放軍基地與設施地圖」一夕爆紅，他所使用的衛星遙測影像就包括Google Earth、歐盟哥白尼（Copernicus）的哨兵（Sentinel）衛星、微軟Bing Maps與Apple Maps等，加上查證所完成──這樣的技術稱為公開來源情報（Open Source Intelligence, OSINT），美國國家情報總監（Director of National Intelligence, DNI）定義為「專門從公開或商業可用資訊中獲取的情報，目的在解決特定的情報事項或要求」。 針對遙測衛星在軍事情報上的用途，溫約瑟接受《報導者》採訪時指出，公開且免費取得的影像都會受到限制，沒有辦法即時取得，只能當作背景來使用，「像是從央視看到解放軍新聞，逐格去解構畫面上的車輛編號，以及演習場域的地形地貌，但必須再搭配遙測影像建構的3D圖，以",0.711914,data_05.txt
14,5,滑動視窗,"or of National Intelligence, DNI）定義為「專門從公開或商業可用資訊中獲取的情報，目的在解決特定的情報事項或要求」。 針對遙測衛星在軍事情報上的用途，溫約瑟接受《報導者》採訪時指出，公開且免費取得的影像都會受到限制，沒有辦法即時取得，只能當作背景來使用，「像是從央視看到解放軍新聞，逐格去解構畫面上的車輛編號，以及演習場域的地形地貌，但必須再搭配遙測影像建構的3D圖，以及過往建立的資料庫，比對確切的演習地點，才能再自製出解放軍基地與設施地圖。」 溫約瑟解釋，相較之下，國家或情報單位能直接取得國家遙測影像，再利用OSINT工作者所整理的車輛與地形地貌資訊，回溯時間檢視是否有拍攝到相關影像，如果有拍到也可以記錄演習場上的車輛、車種等資訊，甚至可以提前準備拍攝想取得的軍事設施地點清晰影像，「能做的事情就更多了！」 長期研究中國軍事的淡江大學國際事務與戰略研究所副教授林穎佑，則是以廣東潮州旁的福建「大埕灣」與「東山島」為例，國防部早已對外公布過這個地點是中國兩棲登陸重要演訓地點，從溫約瑟所製作的地圖中可見，使用公開免費圖資就拍到正在進行的兩棲演訓，兩棲登陸車輛後面激",0.770508,data_05.txt
15,5,語意切塊,"，彙整多家遙測影像的虛擬地球，便於使用者操作，遙測影像藉由資訊科技的進步，變成人人可及的資訊。！？；現年26歲、就讀台灣師範大學東亞學系碩士班的溫約瑟，22歲時靠著善用這些公開資訊製作出「解放軍基地與設施地圖」一夕爆紅，他所使用的衛星遙測影像就包括Google Earth、歐盟哥白尼（Copernicus）的哨兵（Sentinel）衛星、微軟Bing Maps與Apple Maps等，加上查證所完成──這樣的技術稱為公開來源情報（Open Source Intelligence, OSINT），美國國家情報總監（Director of National Intelligence, DNI）定義為「專門從公開或商業可用資訊中獲取的情報，目的在解決特定的情報事項或要求」。！？；",0.700684,data_05.txt
16,6,固定大小,島永暑礁，從開始填海造陸、原本上面有挖坑，到埋起來後變成其他設施或是空地，以及從沒有飛機跑道到建出跑道，甚至長度的改變都有做長期的監測；甚至可以做到海洋顏色深淺分析，再利用技術判讀港口的深度變化。 曾國欣說明，上述就是影像的加值服務，以前傳輸技術較慢，能取得一張照片已非常不易，但隨著傳輸與接收技術的發展，地面站接收衛星影像變得快速，慢慢衍生出「衛星資訊服務」──簡單說，就是利用影像融合的技術，將影像做各種應用，利用顏色判別海水深淺就是一個例子。 此外，以前只是久久才拍一張照片，可能只會拍到一艘船；隨著衛星提高繞行的密度，傳回地面接收站不只是一張照片，而是持續性的累積多張照片，藉由影像的推疊，可以知道港口裡面的潛艇什麼時候消失、什麼時候回來？曾國欣說：「像是航空母艦這麼大的目標，只要天氣好都拍得到，甚至可以藉由影像畫出路徑，從哪邊開出去，繞多大一圈之後再回來，這些都是透過影像能告訴我們的進階資訊。」 只是，除了科學與遙測技術進步之外，情蒐與研析能力也得同步提升。林穎佑建議，不管是軍方或國安單位，都要提升衛星影像的理解能力，畢竟拍下的影像畫面有點像是「瞎子摸象」、摸到一面牆，情蒐人員要有足,0.606445,data_05.txt
17,6,滑動視窗,"爭；他幫我們看照其他部分，我們提供他們近海的研析資訊。」 對於國安，吳宗信更是罕見願意多談，他舉例：「更精細的遙測衛星可以拍到油槽上方陰影，而陰影的深淺可以利用三維分析出油槽是滿油還是空槽，長期關注下，在敵方戰備時就能預先研判。」在國防安全上，遙測衛星可以做的情蒐工作還有很多。 下一步：國安單位衛星影像的理解能力亟需「升級」 除了國家太空中心之外，早在1993年成立的中央大學太空遙測中心（CSRSR）也會接受衛星影像，目前可以接受除了自主的「福衛五號」之外，還能還可接收法國SPOT-6/7、及Pléiades 1A/1B的光學遙測影像。 中大遙測中心與這兩個商用衛星簽約，衛星通過以桃園中壢中央大學所在位置為中心點，在半徑3,000公里範圍的影像都擁有主導權，東至關島、西到中國甘肅、北到日本北海道，南至南海，可以依據排程控制衛星取像角度進行任務。 中大資源衛星接收站主持人曾國欣指出，正因為涵蓋南海，中大承接政府委託進行南海島礁的監測，超過200個島礁的所有歷史影像都有。例如備受關注的南砂群島永暑礁，從開始填海造陸、原本上面有挖坑，到埋起來後變成其他設施或是空地，以及從沒有飛機跑道到建出跑",0.650391,data_05.txt
18,6,語意切塊,"訊也跟美國很不一樣，應該是要互補而不是競爭；他幫我們看照其他部分，我們提供他們近海的研析資訊。！？；」 對於國安，吳宗信更是罕見願意多談，他舉例：「更精細的遙測衛星可以拍到油槽上方陰影，而陰影的深淺可以利用三維分析出油槽是滿油還是空槽，長期關注下，在敵方戰備時就能預先研判。！？；」在國防安全上，遙測衛星可以做的情蒐工作還有很多。！？； 下一步：國安單位衛星影像的理解能力亟需「升級」 除了國家太空中心之外，早在1993年成立的中央大學太空遙測中心（CSRSR）也會接受衛星影像，目前可以接受除了自主的「福衛五號」之外，還能還可接收法國SPOT-6/7、及Pléiades 1A/1B的光學遙測影像。！？； 中大遙測中心與這兩個商用衛星簽約，衛星通過以桃園中壢中央大學所在位置為中心點，在半徑3,000公里範圍的影像都擁有主導權，東至關島、西到中國甘肅、北到日本北海道，南至南海，可以依據排程控制衛星取像角度進行任務。！？； 中大資源衛星接收站主持人曾國欣指出，正因為涵蓋南海，中大承接政府委託進行南海島礁的監測，超過200個島礁的所有歷史影像都有。！？；",0.62207,data_05.txt
19,7,固定大小,以來也將部分資產轉移至卡達、阿拉伯聯合大公國等海灣鄰國，以規避國際制裁；在這樣的背景下，維持私下的合作默契，讓伊朗持續處於「局勢穩定、但仍遭國際制裁孤立」的現狀，也被普遍認為最符合周邊海灣國家的整體利益。 美國與海灣盟邦對伊朗投鼠忌器的躊躇態度，也反映出華府在中東戰略的另一歷史矛盾：伊拉克的教訓。在1991年第一次波灣戰爭之後，伊拉克庫德族以及伊拉克南方的什葉派穆斯林曾爆發武裝起義、挺身反抗獨裁者海珊（Saddam Hussein）的統治，但其行動卻沒有得到美軍與國際社會的支援，因此很快就遭伊拉克軍隊殘酷鎮壓、甚至報復性的集體屠殺。 然而，2003年英美聯軍入侵伊拉克、以武力推翻海珊政權後，伊拉克卻又因派系對立與部族政治而陷入長期內戰狀態；這不僅讓美國的占領行動付出極為慘重的人力、物力與政治代價，持續動盪的伊拉克更進一步成為貪腐蔓延與宗教極端主義滋生的溫床。 值得注意的是，伊拉克在後海珊時代遭遇的血腥混亂，也成為過去20年來，德黑蘭用於鞏固內部政治團結、說服國民忍受生活困境的經典宣傳案例──意即就算政府的貪腐與威權再令人難以忍受，也比和伊拉克一樣，陷入恐怖主義橫行與戰禍失控的無秩序狀態,0.653809,data_01.txt
20,7,滑動視窗,伯半島也只有百餘公里的海峽之隔；一旦其內部局勢失控，不僅可能引發大規模難民危機，甚至還可能重新點燃中東地區的新一波教派衝突，海灣地區的石油與天然氣出口、特別是掌握全球每日約20%石油運輸量的荷姆茲海峽（Strait of Hormuz），也可能因戰亂而遭癱瘓。 除了石油市場的穩定，海灣國家同樣憂心伊朗政局一旦崩潰，將連帶衝擊外資對整個海灣地區的投資信心。更何況，以革命衛隊為核心的伊朗統治菁英，長期以來也將部分資產轉移至卡達、阿拉伯聯合大公國等海灣鄰國，以規避國際制裁；在這樣的背景下，維持私下的合作默契，讓伊朗持續處於「局勢穩定、但仍遭國際制裁孤立」的現狀，也被普遍認為最符合周邊海灣國家的整體利益。 美國與海灣盟邦對伊朗投鼠忌器的躊躇態度，也反映出華府在中東戰略的另一歷史矛盾：伊拉克的教訓。在1991年第一次波灣戰爭之後，伊拉克庫德族以及伊拉克南方的什葉派穆斯林曾爆發武裝起義、挺身反抗獨裁者海珊（Saddam Hussein）的統治，但其行動卻沒有得到美軍與國際社會的支援，因此很快就遭伊拉克軍隊殘酷鎮壓、甚至報復性的集體屠殺。 然而，2003年英美聯軍入侵伊拉克、以武力推翻海珊政權後，伊,0.762207,data_01.txt
21,7,語意切塊,"tty Images） 范斯等人的意見，反映出的是美國政壇主流對於「再次出兵中東」的政治忌憚。！？；一來，是因為美國目前可採取的行動選項有限，包括提供網路支援、突破伊朗政府對Starlink的信號干擾、再次空襲伊朗革命衛隊的指揮基地，甚至是空降突襲對最高領袖哈米尼發動「斬首行動」，都無法達到「一擊逆轉」伊朗國內政局之目的，反而更可能坐實伊朗政府「民眾抗爭是境外勢力煽動叛亂」的指控，使情勢進一步惡化。！？； 此外，美國的中東盟邦──包括沙烏地阿拉伯、阿拉伯聯合大公國（UAE）、科威特、卡達、阿曼與巴林等與伊朗相鄰的海灣石油國家，也都極力勸阻川普攻擊伊朗。！？； 這些石油國家普遍認為，儘管自1979年推翻巴勒維王朝以來，伊朗伊斯蘭共和國持續進行的「革命輸出」，一直是海灣阿拉伯王室體制所面臨的最大威脅之一，但伊朗畢竟是一個擁有9,100萬人口的區域性大國，距離阿拉伯半島也只有百餘公里的海峽之隔；",0.660156,data_01.txt
22,8,固定大小,二戰後全球發動逾2千次核試驗 誰是蕈狀雲下的犧牲者？ 二戰結束後，至少有8國執行超過2千次核試驗，地點大多選在偏遠地帶或離島。這些核試驗場周遭的居民，至今仍因暴露在輻射下導致疾病，或被迫離開家園，刻下無法抹滅的傷痕。如今美國總統川普一度宣布重啟核試，世界局勢愈發緊張，又是誰將承擔輻射的代價？ 爆炸發生幾小時後，人們就抓破自己的皮膚，母親們眼睜睜地看著孩子們的頭髮都掉在地上，水泡在一夜之間吞噬了他們的身體。 基爾瑪——馬紹爾群島核委會主席 80年前，美國向日本廣島和長崎投下2顆原子彈結束二次世界大戰，當下造成約11萬人喪生，卻也開啟核子時代。各國進入冷戰時期後力拚軍備競賽，包含美國、蘇聯、英國、法國及中國等國，都爭相研製威力更大的核武。 根據美國軍備控制協會統計，自1945年以來，至少有8國在數十處試驗場執行共2056次核試爆，其中520次是早期直接在大氣中引爆，導致放射性物質在大氣層擴散；也有少數在水下進行，已知8次；此外還有1528次在地下引爆，在土壤中留下污染。 核試驗直到1996年多國簽署《全面禁止核試爆條約》後才減少，只有印度、巴基斯坦及北韓等國在此後仍進行核試驗，最近一次是由,0.696777,data_04.txt
23,8,滑動視窗,二戰後全球發動逾2千次核試驗 誰是蕈狀雲下的犧牲者？ 二戰結束後，至少有8國執行超過2千次核試驗，地點大多選在偏遠地帶或離島。這些核試驗場周遭的居民，至今仍因暴露在輻射下導致疾病，或被迫離開家園，刻下無法抹滅的傷痕。如今美國總統川普一度宣布重啟核試，世界局勢愈發緊張，又是誰將承擔輻射的代價？ 爆炸發生幾小時後，人們就抓破自己的皮膚，母親們眼睜睜地看著孩子們的頭髮都掉在地上，水泡在一夜之間吞噬了他們的身體。 基爾瑪——馬紹爾群島核委會主席 80年前，美國向日本廣島和長崎投下2顆原子彈結束二次世界大戰，當下造成約11萬人喪生，卻也開啟核子時代。各國進入冷戰時期後力拚軍備競賽，包含美國、蘇聯、英國、法國及中國等國，都爭相研製威力更大的核武。 根據美國軍備控制協會統計，自1945年以來，至少有8國在數十處試驗場執行共2056次核試爆，其中520次是早期直接在大氣中引爆，導致放射性物質在大氣層擴散；也有少數在水下進行，已知8次；此外還有1528次在地下引爆，在土壤中留下污染。 核試驗直到1996年多國簽署《全面禁止核試爆條約》後才減少，只有印度、巴基斯坦及北韓等國在此後仍進行核試驗，最近一次是由,0.696777,data_04.txt
24,8,語意切塊,二戰後全球發動逾2千次核試驗 誰是蕈狀雲下的犧牲者？； 二戰結束後，至少有8國執行超過2千次核試驗，地點大多選在偏遠地帶或離島。！？；這些核試驗場周遭的居民，至今仍因暴露在輻射下導致疾病，或被迫離開家園，刻下無法抹滅的傷痕。！？；如今美國總統川普一度宣布重啟核試，世界局勢愈發緊張，又是誰將承擔輻射的代價？； 爆炸發生幾小時後，人們就抓破自己的皮膚，母親們眼睜睜地看著孩子們的頭髮都掉在地上，水泡在一夜之間吞噬了他們的身體。！？； 基爾瑪——馬紹爾群島核委會主席 80年前，美國向日本廣島和長崎投下2顆原子彈結束二次世界大戰，當下造成約11萬人喪生，卻也開啟核子時代。！？；各國進入冷戰時期後力拚軍備競賽，包含美國、蘇聯、英國、法國及中國等國，都爭相研製威力更大的核武。！？； 根據美國軍備控制協會統計，自1945年以來，至少有8國在數十處試驗場執行共2056次核試爆，其中520次是早期直接在大氣中引爆，導致放射性物質在大氣層擴散；也有少數在水下進行，已知8次；此外還有1528次在地下引爆，在土壤中留下污染。！？；,0.719727,data_04.txt
25,9,固定大小,流與建築的位置對焦回現實，影像才能用於防災、救災或是地理研究等實際應用情境。 影像處理中心衛星資料處理組組長張莉雪表示，目前與太空中心合作的客戶有超過9成來自政府部門，「福衛五號」所拍攝的影像多數用於國土監測，包含崩塌地或是農業用地的土地利用監測等。當像是馬太鞍溪堰塞湖潰壩這樣的緊急災害事件發生時，衛星影像也可以比對出地表變化。 Made with Flourish • Create a photo slider 當Taiwan Can Help走向太空 除了自家國土監測外，衛星資料也幫助台灣在跨國合作中扮演關鍵角色。我國自2010年加入由日本主導的「守望亞洲（Sentinel Asia）」國際志願計畫，此計畫的目的是希望結合擁有衛星資源與分析量能的單位，當亞太地區發生災害事件時，可以調度衛星進行救災與協作。 舉例來說，2023年菲律賓民都洛近海油輪「MT Princess Empress」沉沒造成大規模漏油汙染，衝擊當地海洋生態。台灣調度「福衛五號」協助產出連續油汙範圍判釋圖，支援汙染擴散追蹤與岸線清理決策；2024年日本石川縣能登半島發生規模7.6的地震，後續引發海嘯，太空中心亦協,0.72998,data_02.txt
26,9,滑動視窗,像控制與數值地形模型，校準每一張影像的地理坐標，使其能與地圖、地形精準重疊。當山脈的輪廓開始對齊、河流與建築的位置對焦回現實，影像才能用於防災、救災或是地理研究等實際應用情境。 影像處理中心衛星資料處理組組長張莉雪表示，目前與太空中心合作的客戶有超過9成來自政府部門，「福衛五號」所拍攝的影像多數用於國土監測，包含崩塌地或是農業用地的土地利用監測等。當像是馬太鞍溪堰塞湖潰壩這樣的緊急災害事件發生時，衛星影像也可以比對出地表變化。 Made with Flourish • Create a photo slider 當Taiwan Can Help走向太空 除了自家國土監測外，衛星資料也幫助台灣在跨國合作中扮演關鍵角色。我國自2010年加入由日本主導的「守望亞洲（Sentinel Asia）」國際志願計畫，此計畫的目的是希望結合擁有衛星資源與分析量能的單位，當亞太地區發生災害事件時，可以調度衛星進行救災與協作。 舉例來說，2023年菲律賓民都洛近海油輪「MT Princess Empress」沉沒造成大規模漏油汙染，衝擊當地海洋生態。台灣調度「福衛五號」協助產出連續油汙範圍判釋圖，支援汙染,0.708984,data_02.txt
27,9,語意切塊,是希望結合擁有衛星資源與分析量能的單位，當亞太地區發生災害事件時，可以調度衛星進行救災與協作。！？； 舉例來說，2023年菲律賓民都洛近海油輪「MT Princess Empress」沉沒造成大規模漏油汙染，衝擊當地海洋生態。！？；台灣調度「福衛五號」協助產出連續油汙範圍判釋圖，支援汙染擴散追蹤與岸線清理決策；2024年日本石川縣能登半島發生規模7.6的地震，後續引發海嘯，太空中心亦協助進行視覺化與數值化分析，觀察海岸、山區土石變化，以及房屋倒塌狀況，估算出實際災害面積。！？； 「福衛五號」針對日本石川能登半島地震影像分析（原始出處／國家太空中心；設計／江世民） 而當台灣遭遇災害事件時，同樣也能透過守望亞洲計畫尋求協助。！？；例如今年7月底，台灣中南部因西南氣流挾帶豪大雨導致嚴重淹水與斷電，太空中心在第一時間發出緊急觀測需求，日本宇宙航空研究開發機構（JAXA）、印度太空研究組織便協同上傳災前災後影像，協助台灣進行地貌分析。！？；,0.790039,data_02.txt
28,10,固定大小,進入醫院的選擇是什麼？由日本創造出來的名詞「直美」（Chokubi）、醫學生畢業後直接進入醫美巿場是潮流之一。「直美」規模與影響究竟有多大？在醫療生態系裡，直美醫師的誘因與風險又是什麼？我們有官方的數據以及同樣面臨這股「直美風暴」的日、韓專家跨國採訪，大家思考的防範或改革手段是什麼？我們也找到台灣首代直美醫師，他不設防的真心話，讓大家看見選擇直美醫師的多層意象。 今年8月歐洲醫醫學教育學會上，特別針對「困難招生科別」進行分享，與直美一樣，這也是全球性的問題，即便在醫師人均比和醫療健保資源相對充足的歐洲國家，急性照護人力也在流失，各國經驗的是：改善年輕醫師的薪資與環境很重要、但價值的支持與醫學教育也很重要，必須讓社會重新看見醫療的「role model」。我們專訪3位艱困科的留守醫師，從他們選擇留下的理由，試圖讓大眾重新看見：醫療的價值與真諦。而守護這個價值的任務，不只是醫師本身、更是全體社會。 2026年，台灣的全民健保進入「兆元時代」，儘管要追趕超高齡人口的速度、高科技和新藥價格的飆漲，仍然吃力，但這個規模已近台灣中央總預算的三分之一，台灣健保投資已追上國民所得相近的國家。我們專訪新,0.481445,data_03.txt
29,10,滑動視窗,會。 2026年，台灣的全民健保進入「兆元時代」，儘管要追趕超高齡人口的速度、高科技和新藥價格的飆漲，仍然吃力，但這個規模已近台灣中央總預算的三分之一，台灣健保投資已追上國民所得相近的國家。我們專訪新任衛福部長石崇良，他開出的首波改革與重整之道，正是對準醫療人力盤點與直美設限，企圖把全民負擔的健保集中火力投在最需要的醫療缺口上，新官上任後的政策支票是否合理，各界可以擴大討論，並且從現在開始，監督可行政策兌現的速度。,0.691895,data_03.txt
30,10,語意切塊,圖讓大眾重新看見：醫療的價值與真諦。！？；而守護這個價值的任務，不只是醫師本身、更是全體社會。！？； 2026年，台灣的全民健保進入「兆元時代」，儘管要追趕超高齡人口的速度、高科技和新藥價格的飆漲，仍然吃力，但這個規模已近台灣中央總預算的三分之一，台灣健保投資已追上國民所得相近的國家。！？；我們專訪新任衛福部長石崇良，他開出的首波改革與重整之道，正是對準醫療人力盤點與直美設限，企圖把全民負擔的健保集中火力投在最需要的醫療缺口上，新官上任後的政策支票是否合理，各界可以擴大討論，並且從現在開始，監督可行政策兌現的速度。！？；,0.655273,data_03.txt
31,11,固定大小,攝影／UGC via AP／達志影像） 根據一段2026年1月9日至11日間拍攝的影片截圖，伊朗首都德黑蘭郊區卡里札克（Kahrizak）的示威活動遭到鎮壓後，民眾在法醫中心外尋找罹難親友的遺體。（攝影／UGC via AP／達志影像） 伊朗政府為了阻斷示威者彼此串聯而切斷全國網路與行動通訊，其封鎖強度更是前所未有。事實上，早在2019年11月的伊朗反油價調漲抗爭期間，伊朗政府就曾實施過「全國斷網」。但與當年相比，這一回伊朗政府不僅切斷了伊朗與全球網際網路的連線，國內的手機行動通訊，甚至包括Starlink等不受伊朗政府許可與管轄的低軌衛星通訊系統，也都同步遭到封鎖。 按照伊朗政府過往的行動節奏，其武力鎮壓國內抗爭的流程，通常是先行切斷通訊，接著由革命衛隊出動武裝民兵「巴斯基」（Basij）在大城市暴力清場、製造民間恐懼，並全力阻止示威者在城市中形成抗爭占領區；同時，政府安全部隊也會封鎖連結城鄉的重要幹道，並在資訊更為封閉的城郊與鄉村地區發動「殺雞儆猴」式的清鄉行動。直到確認鎮壓行動已占上風後，政府才會動員支持團體發起「挺政府」團結遊行，逐步恢復網路通訊，並公開經官媒處理過的鎮壓資訊，,0.856445,data_01.txt
32,11,滑動視窗,"國際社會的高度關注與聲援。伊朗國內絕大多數的官民衝突，多與本次示威起因相似，源自對生活成本飆漲、失業惡化和政府貪腐的不滿。 然而，與過往相比，本次伊朗抗爭的鎮壓暴力升級程度更為駭人。根據《路透社》（Reuters）整合伊朗官員的說法與境外流亡NGO的統計：截至1月13日為止，伊朗各地已知超過2,400多人在鎮壓行動中死亡，其中絕大多數是遭政府部隊射殺的示威者──換言之，這已是自1979年伊斯蘭革命以來，伊朗國內死傷最嚴重的政治暴力事件。 根據一段2026年1月9日至11日間拍攝的影片截圖，伊朗首都德黑蘭郊區卡里札克（Kahrizak）的示威活動遭到鎮壓後，民眾在法醫中心外尋找罹難親友的遺體。（攝影／UGC via AP／達志影像） 根據一段2026年1月9日至11日間拍攝的影片截圖，伊朗首都德黑蘭郊區卡里札克（Kahrizak）的示威活動遭到鎮壓後，民眾在法醫中心外尋找罹難親友的遺體。（攝影／UGC via AP／達志影像） 伊朗政府為了阻斷示威者彼此串聯而切斷全國網路與行動通訊，其封鎖強度更是前所未有。事實上，早在2019年11月的伊朗反油價調漲抗爭期間，伊朗政府就曾實施過「全國斷網",0.746094,data_01.txt
33,11,語意切塊,"、失業惡化和政府貪腐的不滿。！？； 然而，與過往相比，本次伊朗抗爭的鎮壓暴力升級程度更為駭人。！？；根據《路透社》（Reuters）整合伊朗官員的說法與境外流亡NGO的統計：截至1月13日為止，伊朗各地已知超過2,400多人在鎮壓行動中死亡，其中絕大多數是遭政府部隊射殺的示威者──換言之，這已是自1979年伊斯蘭革命以來，伊朗國內死傷最嚴重的政治暴力事件。！？； 根據一段2026年1月9日至11日間拍攝的影片截圖，伊朗首都德黑蘭郊區卡里札克（Kahrizak）的示威活動遭到鎮壓後，民眾在法醫中心外尋找罹難親友的遺體。！？；（攝影／UGC via AP／達志影像） 根據一段2026年1月9日至11日間拍攝的影片截圖，伊朗首都德黑蘭郊區卡里札克（Kahrizak）的示威活動遭到鎮壓後，民眾在法醫中心外尋找罹難親友的遺體。！？；（攝影／UGC via AP／達志影像） 伊朗政府為了阻斷示威者彼此串聯而切斷全國網路與行動通訊，其封鎖強度更是前所未有。！？；事實上，早在2019年11月的伊朗反油價調漲抗爭期間，伊朗政府就曾實施過「全國斷網」。！？；",0.77002,data_01.txt
34,12,固定大小,術具備穿透雲層的能力，即使在夜晚或厚雲覆蓋下仍能清晰成像，「福衛九號」將與「福衛八號」的光學遙測衛星互補，構建更完整的對地觀測系統，預計於2027年、2029年發射。 從「福衛五號」、「福衛八號」到即將問世的「福衛九號」，台灣正在嘗試在太空中打造自己的視野。當太空產業自主、資料可控，台灣才能在關鍵時刻不仰賴他人，用自己的眼睛，守護自己的天空。,0.734375,data_02.txt
35,12,滑動視窗,來會對國家安全、經濟活動有戰略保護的功能。」 「福衛八號」的酬載任務，還包括這次「齊柏林衛星」搭載「雙波段大氣瞬變影像儀」與「電子溫度密度儀」，將科學儀器戴上太空，用於觀測閃電、大氣電學與電離層結構變化。這些酬載主要由成功大學團隊設計，透過衛星平台進行太空驗證，提供大氣電學與物理研究的第一手資料。 國家太空中心更已著手進行「福衛九號」計畫。「福衛九號」將採用「全天候高解析度微波遙測技術」，這樣的技術具備穿透雲層的能力，即使在夜晚或厚雲覆蓋下仍能清晰成像，「福衛九號」將與「福衛八號」的光學遙測衛星互補，構建更完整的對地觀測系統，預計於2027年、2029年發射。 從「福衛五號」、「福衛八號」到即將問世的「福衛九號」，台灣正在嘗試在太空中打造自己的視野。當太空產業自主、資料可控，台灣才能在關鍵時刻不仰賴他人，用自己的眼睛，守護自己的天空。,0.729492,data_02.txt
36,12,語意切塊,空驗證，提供大氣電學與物理研究的第一手資料。！？； 國家太空中心更已著手進行「福衛九號」計畫。！？；「福衛九號」將採用「全天候高解析度微波遙測技術」，這樣的技術具備穿透雲層的能力，即使在夜晚或厚雲覆蓋下仍能清晰成像，「福衛九號」將與「福衛八號」的光學遙測衛星互補，構建更完整的對地觀測系統，預計於2027年、2029年發射。！？； 從「福衛五號」、「福衛八號」到即將問世的「福衛九號」，台灣正在嘗試在太空中打造自己的視野。！？；當太空產業自主、資料可控，台灣才能在關鍵時刻不仰賴他人，用自己的眼睛，守護自己的天空。！？；,0.751953,data_02.txt
37,13,固定大小,試驗，釋放能量相當於7232顆廣島原子彈。 美國國家癌症研究所推估，1948年至1970年間住在馬紹爾群島的居民罹患的癌症，有0.4%至3.4%可能由輻射暴露引起；對直接接觸到放射性落塵的居民來說，比例最高更達69%。 美國當時將居住於核試驗場附近的馬紹爾居民遷至美國本土，即使在1970及1980年代曾試圖讓他們返回，但由於部分島嶼仍有輻射污染，有些人至今未能重返家園。 美國當初花費1.05億美元（逾台幣30億元），將超過7.3萬立方公尺的放射性碎片，倒進馬紹爾群島核爆形成的彈坑中，並用巨大的混凝土穹頂覆蓋，被稱為「魯尼特圓頂」。 美國官方在1980年拍攝的魯尼特圓頂。（圖／法新社資料照） 然而，如今穹頂已出現結構弱化跡象，在海平面上升的壓力下可能產生裂縫。美國政府現在主張，建造此坑洞只是為了儲放核廢料，而非保護周遭環境免受污染。 「新一輪核武威脅時代」將來臨？ 瑞典智庫斯德哥爾摩國際和平研究所（SIPRI）發布《2025全球核力量年鑑》指出，截至2025年1月，全球約有1萬2241枚核彈頭，其中9614枚屬可供實際部署的軍事庫存，且約有2100枚已搭載在彈道飛彈上，代表處於高度戰備狀,0.602539,data_04.txt
38,13,滑動視窗,嚴重危害。 此外，也有學者指出，這些放射性同位素會殘留在土壤及水中，進而入侵動植物體內、在食物鏈累積。德國一項對野豬體內銫污染的研究發現，其中有68%可追溯至全球各地進行的核試驗。 「核試爆能量是7232顆廣島原子彈」 馬紹爾成回不去的家園 1946年至1958年間，美國在馬紹爾群島進行了約66次核試驗，釋放能量相當於7232顆廣島原子彈。 美國國家癌症研究所推估，1948年至1970年間住在馬紹爾群島的居民罹患的癌症，有0.4%至3.4%可能由輻射暴露引起；對直接接觸到放射性落塵的居民來說，比例最高更達69%。 美國當時將居住於核試驗場附近的馬紹爾居民遷至美國本土，即使在1970及1980年代曾試圖讓他們返回，但由於部分島嶼仍有輻射污染，有些人至今未能重返家園。 美國當初花費1.05億美元（逾台幣30億元），將超過7.3萬立方公尺的放射性碎片，倒進馬紹爾群島核爆形成的彈坑中，並用巨大的混凝土穹頂覆蓋，被稱為「魯尼特圓頂」。 美國官方在1980年拍攝的魯尼特圓頂。（圖／法新社資料照） 然而，如今穹頂已出現結構弱化跡象，在海平面上升的壓力下可能產生裂縫。美國政府現在主張，建造此坑洞只是為,0.586426,data_04.txt
39,13,語意切塊,有0.4%至3.4%可能由輻射暴露引起；對直接接觸到放射性落塵的居民來說，比例最高更達69%。！？； 美國當時將居住於核試驗場附近的馬紹爾居民遷至美國本土，即使在1970及1980年代曾試圖讓他們返回，但由於部分島嶼仍有輻射污染，有些人至今未能重返家園。！？； 美國當初花費1.05億美元（逾台幣30億元），將超過7.3萬立方公尺的放射性碎片，倒進馬紹爾群島核爆形成的彈坑中，並用巨大的混凝土穹頂覆蓋，被稱為「魯尼特圓頂」。！？； 美國官方在1980年拍攝的魯尼特圓頂。！？；（圖／法新社資料照） 然而，如今穹頂已出現結構弱化跡象，在海平面上升的壓力下可能產生裂縫。！？；美國政府現在主張，建造此坑洞只是為了儲放核廢料，而非保護周遭環境免受污染。！？； 「新一輪核武威脅時代」將來臨？； 瑞典智庫斯德哥爾摩國際和平研究所（SIPRI）發布《2025全球核力量年鑑》指出，截至2025年1月，全球約有1萬2241枚核彈頭，其中9614枚屬可供實際部署的軍事庫存，且約有2100枚已搭載在彈道飛彈上，代表處於高度戰備狀態。！？；,0.65918,data_04.txt
40,14,固定大小,現已規劃陸續接替「福衛五號」的遙測任務。「福衛八號」最大的特色在於它是台灣第一個以建構自主產業鏈為核心目標打造的衛星星系，從結構材料、推進次系統到光學鏡頭，整體系統84%的關鍵元件、57項核心技術由國內研製完成，幾乎涵蓋了整個衛星製造流程，展示台灣目標打入國際太空產業的決心。 除了持續為台灣進行國土監測與災害應變外，「福衛八號」也將展現在國家安全、科學研究等面向發揮更完整的功能。國家太空中心主任吳宗信舉例，高解析度的影像能用來大面積監測中國海警船等船隻的動態，並與自動識別系統（AIS）資料比對，以偵測那些關閉訊號、從事非法行動的「暗目標」，「甚至我們在影像處理能使用AI去進行監控和預警，搭配起來會對國家安全、經濟活動有戰略保護的功能。」 「福衛八號」的酬載任務，還包括這次「齊柏林衛星」搭載「雙波段大氣瞬變影像儀」與「電子溫度密度儀」，將科學儀器戴上太空，用於觀測閃電、大氣電學與電離層結構變化。這些酬載主要由成功大學團隊設計，透過衛星平台進行太空驗證，提供大氣電學與物理研究的第一手資料。 國家太空中心更已著手進行「福衛九號」計畫。「福衛九號」將採用「全天候高解析度微波遙測技術」，這樣的技,0.735352,data_02.txt
41,14,滑動視窗,一種實質的外交工具，平時我們運用衛星影像協助各國進行農業、民生與國土變化的動態判釋；災時，台灣也能憑藉自主、細緻的衛星資源與影像判讀判讀能力，成為資料提供者與分析者，把太空影像轉化為可行動的救災資訊。 「福衛九號」計畫啟動：全天候觀測，追求關鍵畫面不漏接 「福衛八號」預計於2031年前完成星系布建，現已規劃陸續接替「福衛五號」的遙測任務。「福衛八號」最大的特色在於它是台灣第一個以建構自主產業鏈為核心目標打造的衛星星系，從結構材料、推進次系統到光學鏡頭，整體系統84%的關鍵元件、57項核心技術由國內研製完成，幾乎涵蓋了整個衛星製造流程，展示台灣目標打入國際太空產業的決心。 除了持續為台灣進行國土監測與災害應變外，「福衛八號」也將展現在國家安全、科學研究等面向發揮更完整的功能。國家太空中心主任吳宗信舉例，高解析度的影像能用來大面積監測中國海警船等船隻的動態，並與自動識別系統（AIS）資料比對，以偵測那些關閉訊號、從事非法行動的「暗目標」，「甚至我們在影像處理能使用AI去進行監控和預警，搭配起來會對國家安全、經濟活動有戰略保護的功能。」 「福衛八號」的酬載任務，還包括這次「齊柏林衛星」搭載「,0.700195,data_02.txt
42,14,語意切塊,57項核心技術由國內研製完成，幾乎涵蓋了整個衛星製造流程，展示台灣目標打入國際太空產業的決心。！？； 除了持續為台灣進行國土監測與災害應變外，「福衛八號」也將展現在國家安全、科學研究等面向發揮更完整的功能。！？；國家太空中心主任吳宗信舉例，高解析度的影像能用來大面積監測中國海警船等船隻的動態，並與自動識別系統（AIS）資料比對，以偵測那些關閉訊號、從事非法行動的「暗目標」，「甚至我們在影像處理能使用AI去進行監控和預警，搭配起來會對國家安全、經濟活動有戰略保護的功能。！？；」 「福衛八號」的酬載任務，還包括這次「齊柏林衛星」搭載「雙波段大氣瞬變影像儀」與「電子溫度密度儀」，將科學儀器戴上太空，用於觀測閃電、大氣電學與電離層結構變化。！？；這些酬載主要由成功大學團隊設計，透過衛星平台進行太空驗證，提供大氣電學與物理研究的第一手資料。！？； 國家太空中心更已著手進行「福衛九號」計畫。！？；,0.716797,data_02.txt
43,15,固定大小,消失的住院醫師 健保兆元時代，擋得住「直美」風潮與急重難科持續失血嗎？ 醫院急重症人力崩塌持續擴大，20年前的內外婦兒「四大皆空」、10年前變成內外婦兒急「五大皆空」，到了今年（2025），甚至因為神經內科24小時取栓的過勞、也引發出走潮，再累加至內外婦兒急神經「六大皆空」。 《報導者》2024年年底推出《誰掏空了醫院人力》專題，以數據資料解析30年最大一波的護理人力出走潮，離開的護理師去哪裡？哪些醫院最留不住人？同時揭露，自費診所3年開了300家，成為急重症科人力巨大的磁石。 數月後我們持續追蹤，醫院人力失血沒有止住，今年度各大醫院多個困難科住院醫師招收持續創新低，我們取得專科醫學會的資料、走訪醫學中心現場，由專家依臨床照顧人力需求指引，完整呈現醫療人力走勢：哪些是人力極度缺乏的紅區、哪裡是拉警報的黃區、哪裡又是搶破頭的綠區？此外，更深度下探不同專科內嚴重的「科內不均」現象，大專科人力總額不足辨識真正乏人問津、卻不能沒有的次專科分布，衛福部和醫策會長年未完成真正的醫療人力盤點與調查，《報導者》整合多個資料，讓台灣次專科分布圖輪廓首度被看見。 然而，不以專科發展為目標的年輕住院醫師，不,0.65332,data_03.txt
44,15,滑動視窗,消失的住院醫師 健保兆元時代，擋得住「直美」風潮與急重難科持續失血嗎？ 醫院急重症人力崩塌持續擴大，20年前的內外婦兒「四大皆空」、10年前變成內外婦兒急「五大皆空」，到了今年（2025），甚至因為神經內科24小時取栓的過勞、也引發出走潮，再累加至內外婦兒急神經「六大皆空」。 《報導者》2024年年底推出《誰掏空了醫院人力》專題，以數據資料解析30年最大一波的護理人力出走潮，離開的護理師去哪裡？哪些醫院最留不住人？同時揭露，自費診所3年開了300家，成為急重症科人力巨大的磁石。 數月後我們持續追蹤，醫院人力失血沒有止住，今年度各大醫院多個困難科住院醫師招收持續創新低，我們取得專科醫學會的資料、走訪醫學中心現場，由專家依臨床照顧人力需求指引，完整呈現醫療人力走勢：哪些是人力極度缺乏的紅區、哪裡是拉警報的黃區、哪裡又是搶破頭的綠區？此外，更深度下探不同專科內嚴重的「科內不均」現象，大專科人力總額不足辨識真正乏人問津、卻不能沒有的次專科分布，衛福部和醫策會長年未完成真正的醫療人力盤點與調查，《報導者》整合多個資料，讓台灣次專科分布圖輪廓首度被看見。 然而，不以專科發展為目標的年輕住院醫師，不,0.65332,data_03.txt
45,15,語意切塊,消失的住院醫師 健保兆元時代，擋得住「直美」風潮與急重難科持續失血嗎？； 醫院急重症人力崩塌持續擴大，20年前的內外婦兒「四大皆空」、10年前變成內外婦兒急「五大皆空」，到了今年（2025），甚至因為神經內科24小時取栓的過勞、也引發出走潮，再累加至內外婦兒急神經「六大皆空」。！？； 《報導者》2024年年底推出《誰掏空了醫院人力》專題，以數據資料解析30年最大一波的護理人力出走潮，離開的護理師去哪裡？；哪些醫院最留不住人？；同時揭露，自費診所3年開了300家，成為急重症科人力巨大的磁石。！？； 數月後我們持續追蹤，醫院人力失血沒有止住，今年度各大醫院多個困難科住院醫師招收持續創新低，我們取得專科醫學會的資料、走訪醫學中心現場，由專家依臨床照顧人力需求指引，完整呈現醫療人力走勢：哪些是人力極度缺乏的紅區、哪裡是拉警報的黃區、哪裡又是搶破頭的綠區？；此外，更深度下探不同專科內嚴重的「科內不均」現象，大專科人力總額不足辨識真正乏人問津、卻不能沒有的次專科分布，衛福部和醫策會長年未完成真正的醫療人力盤點與調查，《報導者》整合多個資料，讓台灣次專科分布圖輪廓首度被看見。！？；,0.643066,data_03.txt
46,16,固定大小,遙測影像就能比對出來，如果有更精細的影像，肯定能做到更多軍情研判。 解放軍也知道台灣有衛星，難道不會盡量掩蔽嗎？林穎佑解釋，掩蔽只是一時的，出動訓練就會見光，除非是偷襲才會選在晚上，平時演訓為了確保安全還是會以白天、且風平浪靜的時候為主，避免訓練過程出現變數或意外；意即解放軍平日雖可透過掩體將軍事裝備隱藏，但訓練過程就沒辦法，這也是為什麼美國或中國這麼重視遙測衛星的原因，這些功能在軍事上無可取代。 「當然遙測也不是毫無缺點，畢竟影像沒有聲音，還是得輔助電子監聽以及情報蒐集，才能整合成完整的立體網絡，」林穎佑說。 為什麼花錢也買不到「需要的情蒐」？ 國家太空中心公布「齊柏林衛星」光學解析度可拍攝到距離地面近達1公尺的影像，國科會主委吳誠文在起運典禮上表示，「前兩顆衛星會是同樣的解析度，接下來的衛星將朝解析度70公分甚至50公分邁進，利用科技實力守護台灣。」 但也有聲音質疑，既然衛星發射都仰賴馬斯克（Elon Musk）旗下美國太空探索科技公司（SpaceX）的火箭，為什麼不連同遙測影像都跟美國購買就好？況且美國衛星技術也比台灣自主研發的更先進？吳宗信說明，每一顆衛星每天要做什麼事都需要排,0.703613,data_05.txt
47,16,滑動視窗,備隱藏，但訓練過程就沒辦法，這也是為什麼美國或中國這麼重視遙測衛星的原因，這些功能在軍事上無可取代。 「當然遙測也不是毫無缺點，畢竟影像沒有聲音，還是得輔助電子監聽以及情報蒐集，才能整合成完整的立體網絡，」林穎佑說。 為什麼花錢也買不到「需要的情蒐」？ 國家太空中心公布「齊柏林衛星」光學解析度可拍攝到距離地面近達1公尺的影像，國科會主委吳誠文在起運典禮上表示，「前兩顆衛星會是同樣的解析度，接下來的衛星將朝解析度70公分甚至50公分邁進，利用科技實力守護台灣。」 但也有聲音質疑，既然衛星發射都仰賴馬斯克（Elon Musk）旗下美國太空探索科技公司（SpaceX）的火箭，為什麼不連同遙測影像都跟美國購買就好？況且美國衛星技術也比台灣自主研發的更先進？吳宗信說明，每一顆衛星每天要做什麼事都需要排程，從地面下指令讓遙測衛星來執行，當經過的地點有很多事情要做的時候，就得依照優先順序，若只依靠跟美國購買遙測影像，「台灣要情蒐的影像有比美國（自己的）重要嗎？」吳宗信指出：「我們願意多花多少錢將排序往前挪？愈精細的影像要價愈貴，甚至關乎國家安全的重要事項，通常都是各國自製衛星的第一要務，購買方即使出,0.743652,data_05.txt
48,16,語意切塊,監聽以及情報蒐集，才能整合成完整的立體網絡，」林穎佑說。！？； 為什麼花錢也買不到「需要的情蒐」？； 國家太空中心公布「齊柏林衛星」光學解析度可拍攝到距離地面近達1公尺的影像，國科會主委吳誠文在起運典禮上表示，「前兩顆衛星會是同樣的解析度，接下來的衛星將朝解析度70公分甚至50公分邁進，利用科技實力守護台灣。！？；」 但也有聲音質疑，既然衛星發射都仰賴馬斯克（Elon Musk）旗下美國太空探索科技公司（SpaceX）的火箭，為什麼不連同遙測影像都跟美國購買就好？；況且美國衛星技術也比台灣自主研發的更先進？；吳宗信說明，每一顆衛星每天要做什麼事都需要排程，從地面下指令讓遙測衛星來執行，當經過的地點有很多事情要做的時候，就得依照優先順序，若只依靠跟美國購買遙測影像，「台灣要情蒐的影像有比美國（自己的）重要嗎？；」吳宗信指出：「我們願意多花多少錢將排序往前挪？；愈精細的影像要價愈貴，甚至關乎國家安全的重要事項，通常都是各國自製衛星的第一要務，購買方即使出再多錢都不見得能擠進去。！？；,0.72998,data_05.txt
49,17,固定大小,進入醫院的選擇是什麼？由日本創造出來的名詞「直美」（Chokubi）、醫學生畢業後直接進入醫美巿場是潮流之一。「直美」規模與影響究竟有多大？在醫療生態系裡，直美醫師的誘因與風險又是什麼？我們有官方的數據以及同樣面臨這股「直美風暴」的日、韓專家跨國採訪，大家思考的防範或改革手段是什麼？我們也找到台灣首代直美醫師，他不設防的真心話，讓大家看見選擇直美醫師的多層意象。 今年8月歐洲醫醫學教育學會上，特別針對「困難招生科別」進行分享，與直美一樣，這也是全球性的問題，即便在醫師人均比和醫療健保資源相對充足的歐洲國家，急性照護人力也在流失，各國經驗的是：改善年輕醫師的薪資與環境很重要、但價值的支持與醫學教育也很重要，必須讓社會重新看見醫療的「role model」。我們專訪3位艱困科的留守醫師，從他們選擇留下的理由，試圖讓大眾重新看見：醫療的價值與真諦。而守護這個價值的任務，不只是醫師本身、更是全體社會。 2026年，台灣的全民健保進入「兆元時代」，儘管要追趕超高齡人口的速度、高科技和新藥價格的飆漲，仍然吃力，但這個規模已近台灣中央總預算的三分之一，台灣健保投資已追上國民所得相近的國家。我們專訪新,0.716309,data_03.txt
50,17,滑動視窗,報導者》整合多個資料，讓台灣次專科分布圖輪廓首度被看見。 然而，不以專科發展為目標的年輕住院醫師，不進入醫院的選擇是什麼？由日本創造出來的名詞「直美」（Chokubi）、醫學生畢業後直接進入醫美巿場是潮流之一。「直美」規模與影響究竟有多大？在醫療生態系裡，直美醫師的誘因與風險又是什麼？我們有官方的數據以及同樣面臨這股「直美風暴」的日、韓專家跨國採訪，大家思考的防範或改革手段是什麼？我們也找到台灣首代直美醫師，他不設防的真心話，讓大家看見選擇直美醫師的多層意象。 今年8月歐洲醫醫學教育學會上，特別針對「困難招生科別」進行分享，與直美一樣，這也是全球性的問題，即便在醫師人均比和醫療健保資源相對充足的歐洲國家，急性照護人力也在流失，各國經驗的是：改善年輕醫師的薪資與環境很重要、但價值的支持與醫學教育也很重要，必須讓社會重新看見醫療的「role model」。我們專訪3位艱困科的留守醫師，從他們選擇留下的理由，試圖讓大眾重新看見：醫療的價值與真諦。而守護這個價值的任務，不只是醫師本身、更是全體社會。 2026年，台灣的全民健保進入「兆元時代」，儘管要追趕超高齡人口的速度、高科技和新藥價格的飆漲,0.710938,data_03.txt
51,17,語意切塊,長年未完成真正的醫療人力盤點與調查，《報導者》整合多個資料，讓台灣次專科分布圖輪廓首度被看見。！？； 然而，不以專科發展為目標的年輕住院醫師，不進入醫院的選擇是什麼？；由日本創造出來的名詞「直美」（Chokubi）、醫學生畢業後直接進入醫美巿場是潮流之一。！？；「直美」規模與影響究竟有多大？；在醫療生態系裡，直美醫師的誘因與風險又是什麼？；我們有官方的數據以及同樣面臨這股「直美風暴」的日、韓專家跨國採訪，大家思考的防範或改革手段是什麼？；我們也找到台灣首代直美醫師，他不設防的真心話，讓大家看見選擇直美醫師的多層意象。！？； 今年8月歐洲醫醫學教育學會上，特別針對「困難招生科別」進行分享，與直美一樣，這也是全球性的問題，即便在醫師人均比和醫療健保資源相對充足的歐洲國家，急性照護人力也在流失，各國經驗的是：改善年輕醫師的薪資與環境很重要、但價值的支持與醫學教育也很重要，必須讓社會重新看見醫療的「role model」。！？；我們專訪3位艱困科的留守醫師，從他們選擇留下的理由，試圖讓大眾重新看見：醫療的價值與真諦。！？；而守護這個價值的任務，不只是醫師本身、更是全體社會。！？；,0.708496,data_03.txt
52,18,固定大小,放，其餘35%轉換為熱能、15%轉變為核輻射。衝擊波會造成氣壓驟變，足以摧毀建築物；高強度光線則會讓爆炸點附近的人們出現皮膚灼傷及視力損害。 除了核彈爆炸當下產生的致命性破壞外，大氣層核試驗會使放射性落塵隨氣流擴散至更遙遠的地區，污染表層土壤；即使是在地下進行核試，這些粒子仍會在高壓下進入大氣層。 由於放射性落塵中的核分裂產物半衰期差異大，因此造成長期的輻射殘留。有些核分裂產物半衰期極短，只有幾分之一秒，但少數的半衰期長到可在數年內對人類及環境構成威脅。 例如放射性物質「鍶-90」半衰期達28年，會在生物骨骼中積聚，並導致腫瘤、白血病和其他血液疾病；銫-137的半衰期為30年，可能導致生殖腺輻射暴露與基因損傷；鈽-​​239半衰期則長達2.44萬年，即使只攝取1微克，也會造成骨骼及肺部腫瘤等嚴重危害。 此外，也有學者指出，這些放射性同位素會殘留在土壤及水中，進而入侵動植物體內、在食物鏈累積。德國一項對野豬體內銫污染的研究發現，其中有68%可追溯至全球各地進行的核試驗。 「核試爆能量是7232顆廣島原子彈」 馬紹爾成回不去的家園 1946年至1958年間，美國在馬紹爾群島進行了約66次核,0.598633,data_04.txt
53,18,滑動視窗,選定澳洲及其離島、法國在阿爾及利亞與法屬玻里尼西亞進行、中國則以新疆西部的羅布泊作為核試驗場。 但是，這樣就能避免核輻射帶來的傷害嗎？ 僅一瞬的爆炸 成了揮不去的輻射陰霾 核爆能量有一半以衝擊波形式釋放，其餘35%轉換為熱能、15%轉變為核輻射。衝擊波會造成氣壓驟變，足以摧毀建築物；高強度光線則會讓爆炸點附近的人們出現皮膚灼傷及視力損害。 除了核彈爆炸當下產生的致命性破壞外，大氣層核試驗會使放射性落塵隨氣流擴散至更遙遠的地區，污染表層土壤；即使是在地下進行核試，這些粒子仍會在高壓下進入大氣層。 由於放射性落塵中的核分裂產物半衰期差異大，因此造成長期的輻射殘留。有些核分裂產物半衰期極短，只有幾分之一秒，但少數的半衰期長到可在數年內對人類及環境構成威脅。 例如放射性物質「鍶-90」半衰期達28年，會在生物骨骼中積聚，並導致腫瘤、白血病和其他血液疾病；銫-137的半衰期為30年，可能導致生殖腺輻射暴露與基因損傷；鈽-​​239半衰期則長達2.44萬年，即使只攝取1微克，也會造成骨骼及肺部腫瘤等嚴重危害。 此外，也有學者指出，這些放射性同位素會殘留在土壤及水中，進而入侵動植物體內、在食物鏈累積,0.584961,data_04.txt
54,18,語意切塊,；有些核分裂產物半衰期極短，只有幾分之一秒，但少數的半衰期長到可在數年內對人類及環境構成威脅。！？； 例如放射性物質「鍶-90」半衰期達28年，會在生物骨骼中積聚，並導致腫瘤、白血病和其他血液疾病；銫-137的半衰期為30年，可能導致生殖腺輻射暴露與基因損傷；鈽-​​239半衰期則長達2.44萬年，即使只攝取1微克，也會造成骨骼及肺部腫瘤等嚴重危害。！？； 此外，也有學者指出，這些放射性同位素會殘留在土壤及水中，進而入侵動植物體內、在食物鏈累積。！？；德國一項對野豬體內銫污染的研究發現，其中有68%可追溯至全球各地進行的核試驗。！？； 「核試爆能量是7232顆廣島原子彈」 馬紹爾成回不去的家園 1946年至1958年間，美國在馬紹爾群島進行了約66次核試驗，釋放能量相當於7232顆廣島原子彈。！？； 美國國家癌症研究所推估，1948年至1970年間住在馬紹爾群島的居民罹患的癌症，有0.4%至3.4%可能由輻射暴露引起；對直接接觸到放射性落塵的居民來說，比例最高更達69%。！？；,0.751465,data_04.txt
55,19,固定大小,態。 報告也分析，美、俄、英、法、中國、印度、巴基斯坦、北韓及以色列等9個擁核國，都仍計畫擴增核武庫，並退出軍備控制協議，加上美俄之間最後一份協議《新削減戰略武器條約》將於2026年2月到期，代表全球已開啟新一輪核武威脅時代。 如今的核武威脅達到冷戰以來的高峰，世界地緣政治局勢也比以往任何時候更動盪不安。,0.806641,data_04.txt
56,19,滑動視窗,而，如今穹頂已出現結構弱化跡象，在海平面上升的壓力下可能產生裂縫。美國政府現在主張，建造此坑洞只是為了儲放核廢料，而非保護周遭環境免受污染。 「新一輪核武威脅時代」將來臨？ 瑞典智庫斯德哥爾摩國際和平研究所（SIPRI）發布《2025全球核力量年鑑》指出，截至2025年1月，全球約有1萬2241枚核彈頭，其中9614枚屬可供實際部署的軍事庫存，且約有2100枚已搭載在彈道飛彈上，代表處於高度戰備狀態。 報告也分析，美、俄、英、法、中國、印度、巴基斯坦、北韓及以色列等9個擁核國，都仍計畫擴增核武庫，並退出軍備控制協議，加上美俄之間最後一份協議《新削減戰略武器條約》將於2026年2月到期，代表全球已開啟新一輪核武威脅時代。 如今的核武威脅達到冷戰以來的高峰，世界地緣政治局勢也比以往任何時候更動盪不安。,0.594238,data_04.txt
57,19,語意切塊,9614枚屬可供實際部署的軍事庫存，且約有2100枚已搭載在彈道飛彈上，代表處於高度戰備狀態。！？； 報告也分析，美、俄、英、法、中國、印度、巴基斯坦、北韓及以色列等9個擁核國，都仍計畫擴增核武庫，並退出軍備控制協議，加上美俄之間最後一份協議《新削減戰略武器條約》將於2026年2月到期，代表全球已開啟新一輪核武威脅時代。！？； 如今的核武威脅達到冷戰以來的高峰，世界地緣政治局勢也比以往任何時候更動盪不安。！？；,0.713867,data_04.txt
58,20,固定大小,現已規劃陸續接替「福衛五號」的遙測任務。「福衛八號」最大的特色在於它是台灣第一個以建構自主產業鏈為核心目標打造的衛星星系，從結構材料、推進次系統到光學鏡頭，整體系統84%的關鍵元件、57項核心技術由國內研製完成，幾乎涵蓋了整個衛星製造流程，展示台灣目標打入國際太空產業的決心。 除了持續為台灣進行國土監測與災害應變外，「福衛八號」也將展現在國家安全、科學研究等面向發揮更完整的功能。國家太空中心主任吳宗信舉例，高解析度的影像能用來大面積監測中國海警船等船隻的動態，並與自動識別系統（AIS）資料比對，以偵測那些關閉訊號、從事非法行動的「暗目標」，「甚至我們在影像處理能使用AI去進行監控和預警，搭配起來會對國家安全、經濟活動有戰略保護的功能。」 「福衛八號」的酬載任務，還包括這次「齊柏林衛星」搭載「雙波段大氣瞬變影像儀」與「電子溫度密度儀」，將科學儀器戴上太空，用於觀測閃電、大氣電學與電離層結構變化。這些酬載主要由成功大學團隊設計，透過衛星平台進行太空驗證，提供大氣電學與物理研究的第一手資料。 國家太空中心更已著手進行「福衛九號」計畫。「福衛九號」將採用「全天候高解析度微波遙測技術」，這樣的技,0.680664,data_02.txt
59,20,滑動視窗,一種實質的外交工具，平時我們運用衛星影像協助各國進行農業、民生與國土變化的動態判釋；災時，台灣也能憑藉自主、細緻的衛星資源與影像判讀判讀能力，成為資料提供者與分析者，把太空影像轉化為可行動的救災資訊。 「福衛九號」計畫啟動：全天候觀測，追求關鍵畫面不漏接 「福衛八號」預計於2031年前完成星系布建，現已規劃陸續接替「福衛五號」的遙測任務。「福衛八號」最大的特色在於它是台灣第一個以建構自主產業鏈為核心目標打造的衛星星系，從結構材料、推進次系統到光學鏡頭，整體系統84%的關鍵元件、57項核心技術由國內研製完成，幾乎涵蓋了整個衛星製造流程，展示台灣目標打入國際太空產業的決心。 除了持續為台灣進行國土監測與災害應變外，「福衛八號」也將展現在國家安全、科學研究等面向發揮更完整的功能。國家太空中心主任吳宗信舉例，高解析度的影像能用來大面積監測中國海警船等船隻的動態，並與自動識別系統（AIS）資料比對，以偵測那些關閉訊號、從事非法行動的「暗目標」，「甚至我們在影像處理能使用AI去進行監控和預警，搭配起來會對國家安全、經濟活動有戰略保護的功能。」 「福衛八號」的酬載任務，還包括這次「齊柏林衛星」搭載「,0.666504,data_02.txt
60,20,語意切塊,57項核心技術由國內研製完成，幾乎涵蓋了整個衛星製造流程，展示台灣目標打入國際太空產業的決心。！？； 除了持續為台灣進行國土監測與災害應變外，「福衛八號」也將展現在國家安全、科學研究等面向發揮更完整的功能。！？；國家太空中心主任吳宗信舉例，高解析度的影像能用來大面積監測中國海警船等船隻的動態，並與自動識別系統（AIS）資料比對，以偵測那些關閉訊號、從事非法行動的「暗目標」，「甚至我們在影像處理能使用AI去進行監控和預警，搭配起來會對國家安全、經濟活動有戰略保護的功能。！？；」 「福衛八號」的酬載任務，還包括這次「齊柏林衛星」搭載「雙波段大氣瞬變影像儀」與「電子溫度密度儀」，將科學儀器戴上太空，用於觀測閃電、大氣電學與電離層結構變化。！？；這些酬載主要由成功大學團隊設計，透過衛星平台進行太空驗證，提供大氣電學與物理研究的第一手資料。！？； 國家太空中心更已著手進行「福衛九號」計畫。！？；,0.649414,data_02.txt
